date,PPIACO,INDPRO,PAYEMS,WTISPLC,GDP,CPIAUCSL,BOGZ1FA895050005Q,GDPC1,UNRATE,PRS85006021,UMCSENT,DFF,CPILFESL,DSPIC96,PCE,PERMIT,W068RCQ027SBEA,DGS10,GFDEBTN,ICSA,shiller_PE,DXY,SP500
6/30/1967,-0.001998002,-0.004075046,0.00239349,0.003344482,0.005701458,0.006066734,-0.013100355,0.000612978,0,0.25,0.019128587,-0.171624917,0.007789679,0.007929442,0.018408631,0.148057403,0.005900202,0.054319471,-0.024336223,0.052208614,0.035748332,-0.001390859,0.05253726
9/30/1967,0.004004004,0.00687753,0.006904225,0.015555556,0.019140548,0.010050251,0.026195385,0.009461209,-0.008695652,-0.15,0.011470282,-0.025163358,0.010628019,0.009519455,0.014434218,0.12347561,0.028323771,0.086683658,0.040270306,-0.104654291,0.013192207,0.000557119,0.030000343
12/31/1967,0.001994018,0.026758222,0.00823936,0.007658643,0.018730215,0.010945274,0.022485255,0.007540171,0.026315789,-0.235294118,-0.042268041,0.072196621,0.010516252,0.007298744,0.014750995,0.056173677,0.015844118,0.075246874,0.026100341,-0.036658654,-0.014685844,0.007238509,0.001431906
3/31/1968,0.013930348,0.014274208,0.007436395,0,0.031707242,0.00984252,0.036136251,0.020395071,-0.042735043,-0.153846154,0.046286329,0.148535132,0.012298959,0.01666854,0.03479771,-0.000256937,0.032512994,-0.005465546,0.013955661,-0.024017467,-0.049477566,0.01205119,-0.030148705
6/30/1968,0.005888126,0.013481616,0.008936289,0,0.027443762,0.009746589,0.034624505,0.016707996,-0.044642857,-0.727272727,-0.049382716,0.24864146,0.010280374,0.016465621,0.025671308,-0.002056027,0.034632331,0.024088766,-0.011743396,-0.045488441,0.049304882,0.000327735,0.067558643
9/30/1968,0.003902439,0.007758988,0.008994993,0,0.017639114,0.013513514,0.003146066,0.007749557,-0.009345794,-0.333333333,0,-0.006310523,0.013876041,0.003194288,0.029270953,0.07262426,0.019207696,-0.050039823,0.027141984,-0.00546875,-0.005238022,0.000191116,0.02009581
12/31/1968,0.005830904,0.015186045,0.009822387,0,0.018094812,0.012380952,0.0179894,0.0039332,-0.037735849,2,-0.007575758,-0.004770783,0.01459854,0.00772863,0.015544041,0.019447779,0.023157607,0.056635133,0.009263044,-0.034171249,0.0295803,-0.001091882,0.053313674
3/31/1969,0.014492754,0.019454808,0.010098911,0.019543974,0.026142785,0.012229539,0.048875946,0.015651155,0,-0.333333333,0.070883315,0.109711993,0.013489209,0.002484715,0.021045918,0.034385304,0.005297978,0.069913265,0.004237087,0.014640098,-0.063026474,0.001694267,-0.040413669
6/30/1969,0.014285714,0.004363554,0.009533924,0.07028754,0.015788197,0.015799257,-0.003400492,0.003039953,0.009803922,0.75,-0.068228106,0.268762537,0.015971606,0.009767855,0.019306115,-0.062386157,0.021742313,0.030141146,-0.018498328,-0.034068136,-0.018943651,0.000763859,0.007055633
9/30/1969,0.007511737,0.012004105,0.007652723,0,0.020748845,0.013723696,0.016541862,0.006605142,0.038834951,0.285714286,-0.055737705,0.077834665,0.013973799,0.020400077,0.017102111,-0.063137445,0.022194653,0.07862868,0.022074555,0.081327801,-0.09163803,0.007632755,-0.070820792
12/31/1969,0.009319664,-0.0062686,0.003747925,0,0.007952767,0.01534296,-0.027048551,-0.004876946,0,-0.111111111,-0.077546296,-0.00439329,0.013781223,0.007642697,0.019717384,-0.076723691,0.013780713,0.066162747,0.02090744,0.036454336,-0.023239056,-0.010686073,-0.002731956
3/31/1970,0.014773777,-0.024227472,0.002267531,0,0.012573364,0.016,-0.007622361,-0.001484707,0.168224299,0.5,-0.020075282,-0.042804447,0.015293118,0.010507716,0.017832205,-0.070185289,0.023991101,0.008846855,0.010268151,0.237319511,-0.078015492,-0.001695425,-0.057761802
6/30/1970,0.005459509,-0.005501223,-0.002014659,0,0.015387177,0.01399825,0.014379148,0.0014193,0.144,0.416666667,-0.034571063,-0.078934567,0.018410042,0.012342349,0.015672823,0.16968599,0.040416966,0.045400104,-0.005142376,0.20855775,-0.126825365,-0.003862273,-0.107246528
9/30/1970,0.005429864,-0.003579823,-0.002655725,-0.011940299,0.017504626,0.010353753,0.015210756,0.009215508,0.083916084,0.176470588,0.029177719,-0.148695373,0.013147083,0.015977141,0.018600301,0.069695405,0.021716625,-0.032688878,0.023194107,-0.047536519,-0.022451317,-0.003959743,-0.007826081
12/31/1970,0.00180018,-0.021617927,-0.005691905,0.025176234,0.002347018,0.014517506,-0.033319568,-0.010716381,0.129032258,-0.15,-0.067010309,-0.170289268,0.0162206,-0.002396412,0.010201479,0.166264479,0.022626237,-0.082046895,0.027675228,0.089940213,0.075228498,-0.001076694,0.097568827
3/31/1971,0.013477089,0.019279253,0.003825772,0.049115914,0.042759193,0.008417508,0.095850244,0.027159928,0.017142857,-0.294117647,0.078729282,-0.306286493,0.009577015,0.019951594,0.028780611,0.032484999,0.012183486,-0.123656043,0.006449822,-0.092535178,0.109197908,-0.002862498,0.122467942
6/30/1971,0.012411348,0.009057892,0.0047287,0,0.018600968,0.00918197,0.032011412,0.005411201,-0.005617978,-0.5,0.026888604,0.182375226,0.01027668,0.014539896,0.020711656,0.126252505,0.040829303,0.042016628,0.014392291,-0.002102497,0.032815877,-0.005248934,0.047011061
9/30/1971,0.007880911,0.003084055,0.003582517,0,0.018511231,0.009925558,0.022470431,0.008229671,0.02259887,-0.5,0.023690773,0.198870258,0.008607199,0.005247298,0.017839111,0.079893238,0.010519659,0.03741153,0.037661243,0.06610482,-0.043569254,-0.017065607,-0.028635378
12/31/1971,0.00086881,0.023178289,0.00604754,0,0.010717728,0.007371007,-0.002093543,0.002357838,-0.016574586,-1.666666667,-0.001218027,-0.132942928,0.005430566,0.01166854,0.02281746,0.027846433,0.016370926,-0.092119165,0.028774972,-0.079051383,-0.031828128,-0.032353772,-0.020910057
3/31/1972,0.017361111,0.042786387,0.011294168,0,0.033867178,0.008130081,0.051088094,0.018389589,-0.028089888,0,0.131707317,-0.252463458,0.008487654,0.004573959,0.023924992,0.043924335,0.04206039,0.024488558,0.00757549,-0.071620172,0.079309636,-0.040582743,0.093226187
6/30/1972,0.01109215,0.019018426,0.010805704,0,0.029058783,0.006451613,0.047625655,0.022697724,-0.011560694,0,-0.045258621,0.212007679,0.007651109,0.010383887,0.024899635,-0.018888206,0.011268614,0.018022426,-0.002127092,0.005200809,0.013135351,-0.007120524,0.025468424
9/30/1972,0.015189873,0.012417907,0.007827069,0,0.019107385,0.008012821,0.019931025,0.009443819,-0.023391813,0.5,0.074492099,0.102287988,0.007593014,0.019442606,0.024294705,0.072311786,0.002423693,0.023808312,0.01761347,0.009711329,-0.005073281,0.004259035,0.010654681
12/31/1972,0.009975062,0.034363693,0.012610641,0,0.029706346,0.010333863,0.03846125,0.016744587,-0.035928144,-1.666666667,-0.047268908,0.085234176,0.005275057,0.040083247,0.031882439,0.022770398,0.035506831,0.013629478,0.033476516,-0.083633258,0.029650614,0.008916302,0.041587567
3/31/1973,0.048559671,0.028733486,0.013338372,0,0.036560955,0.015735641,0.064579275,0.024748064,-0.080745342,0.5,-0.097023153,0.270657269,0.007496252,0.007587642,0.030647512,-0.063936064,0.018226266,0.035797956,0.022594448,-0.087294191,-0.009354365,-0.04594649,0.01013343
6/30/1973,0.04866562,0.008571781,0.009104271,0,0.026422696,0.02091402,0.028830949,0.010886625,0,0.333333333,-0.05982906,0.195808474,0.010416667,0.00843607,0.01878712,-0.101997256,0.028529468,0.031378353,-0.002810692,0.058883594,-0.091649695,-0.052479091,-0.066253287
9/30/1973,0.041167665,0.008608546,0.005943737,0.140449438,0.014110746,0.019726859,-0.011450289,-0.005258985,-0.027027027,-0.25,-0.064935065,0.3503574,0.010309278,0.004521465,0.021811548,-0.094736842,-0.003365922,0.060315684,0.007209441,0.040822887,-0.049123522,-0.050265293,-0.021843068
12/31/1973,0.00790798,0.014809887,0.009513436,0.061576355,0.029606552,0.025297619,0.034828711,0.00949216,-0.006944444,0.333333333,0.0625,-0.053134427,0.016763848,0.010939117,0.017503687,-0.230870218,0.030596693,-0.064055148,0.018364618,0.050339716,-0.055734191,0.041248796,-0.023304908
3/31/1974,0.067047076,-0.008990123,0.004675498,1.345707657,0.010106422,0.029753266,-0.019207449,-0.008597726,0.076923077,1.5,-0.192156863,-0.066317761,0.015770609,-0.016553029,0.020559179,0.007315289,0.032424355,0.044241833,0.00981084,0.191708321,-0.096481271,0.063624383,-0.066574569
6/30/1974,0.034759358,0.000860875,0.003771575,0,0.026050674,0.026779422,0.038860829,0.002376832,0.012987013,0.3,0.166666667,0.205441028,0.026111503,-0.009322869,0.031992824,-0.158073106,0.025137283,0.068978299,0.001182245,-0.040217123,-0.084422111,-0.048051088,-0.05338299
9/30/1974,0.071059432,-0.003984779,0.001401066,0,0.019587518,0.028140014,0.002348743,-0.009451428,0.083333333,0.230769231,-0.106796117,0.075303909,0.034387895,0.000883737,0.031363175,-0.206728005,0.062143342,0.055415575,0.015247715,0.128020566,-0.207189901,0.022862029,-0.16267123
12/31/1974,0.034981906,-0.039698107,-0.005587942,0.103857567,0.025418166,0.03070761,0.006468602,-0.003881408,0.171597633,0.25,-0.076086957,-0.227649654,0.029255319,-0.001352276,0.010323759,-0.102573396,0.02800131,-0.035939557,0.023258132,0.360756609,-0.100726895,-0.014224247,-0.085799347
3/31/1975,-0.000582751,-0.066411351,-0.015723927,0,0.010275186,0.021373057,-0.061461846,-0.012172859,0.252525253,0.05,-0.031932773,-0.32522489,0.021317829,-0.001473587,0.027248714,-0.126009693,0.055363587,-0.016889197,0.034496127,0.180874225,0.110084681,-0.051564423,0.132964946
6/30/1975,0.011078717,-0.013118603,-0.005431887,0,0.022112893,0.012048193,-0.000783127,0.007145362,0.072580645,-0.095238095,0.263888889,-0.140654228,0.015812777,0.046259144,0.0287928,0.259704251,0.039629862,0.067298133,0.046166162,-0.067224507,0.111650485,-0.000628075,0.132300714
9/30/1975,0.021337947,0.024441814,0.006733303,0,0.035092106,0.020050125,0.083775672,0.01711652,-0.045112782,-0.263157895,0.039835165,0.136091771,0.013075965,-0.014554964,0.033183149,0.129126926,0.020349244,0.029767911,0.038371081,-0.116770564,-0.035870243,0.064124489,-0.014648183
12/31/1975,0.010728402,0.021847277,0.009046035,0,0.030418991,0.018427518,0.04420919,0.013465242,-0.019685039,-0.857142857,-0.001321004,-0.120969735,0.017209588,0.007853059,0.027756557,0.071150097,0.028359849,-0.027532062,0.041546328,-0.107419521,0.003558719,0.017850499,0.015505548
3/31/1976,0.004469274,0.030689868,0.013398102,0.054062127,0.033292637,0.01145959,0.078023031,0.022487601,-0.068273092,-5.5,0.119047619,-0.108055996,0.018731118,0.012044771,0.03125,0.076433121,0.015888702,-0.038352442,0.041344041,-0.095274831,0.109284333,0.011250482,0.117690945
6/30/1976,0.015572859,0.013006255,0.006824134,0.0345707,0.017492572,0.008944544,0.029439892,0.007337006,-0.021551724,-0.666666667,-0.01536643,0.076432686,0.013641756,0.005689016,0.017689281,-0.009861933,-0.004455505,0.002448225,0.033209546,0.068855255,0.010171462,0.024015509,0.020967473
9/30/1976,0.012048193,0.01335129,0.004886965,0.047384278,0.018477249,0.015957447,0.016625861,0.005487058,0.022026432,-1,0.076830732,0.016956135,0.01638385,0.007798888,0.025910405,0.148264087,0.020979885,-0.005252578,0.022998491,0.024730754,0.011795167,-0.002284531,0.026275244
12/31/1976,0.008658009,0.018080178,0.006088407,0.090481172,0.025292093,0.014543339,0.024049637,0.00724851,0.004310345,#NAME?,-0.030100334,-0.077456386,0.013816926,0.006346498,0.029024278,0.107063197,0.017112681,-0.071647354,0.029686419,-0.00778513,-0.027580324,-0.006318428,-0.015958437
3/31/1977,0.021459227,0.020406545,0.010266044,0,0.028111337,0.018348624,0.058215691,0.011814836,-0.034334764,0.5,0.001149425,-0.043816575,0.016467916,0.002238501,0.029994689,0.049026192,0.024128771,0.024907008,0.023967818,0.03040408,-0.024853801,-0.003411286,-0.008453448
6/30/1977,0.024684874,0.031344209,0.013308978,0,0.033822476,0.017454955,0.059670173,0.019441131,-0.048888889,-0.666666667,0.035591274,0.10659545,0.016201117,0.009394061,0.02263475,0.084080239,0.018602187,0.0012298,0.007797288,-0.085665334,-0.048875562,-0.007321535,-0.026839937
9/30/1977,0.001537673,0.01082654,0.012736293,0.045563549,0.030431308,0.013835086,0.042888643,0.018043559,-0.03271028,0,-0.013303769,0.127764232,0.014293568,0.013886438,0.024601911,0.012007874,0.017625119,-0.000969702,0.036201208,-0.010826567,-0.025535939,-0.012477724,-0.010696788
12/31/1977,0.011258956,0.006273547,0.011794372,0.021788991,0.02161793,0.014737991,0.020571164,2.19E-05,-0.033816425,-0.25,-0.051685393,0.119470763,0.013550136,0.019119641,0.029450618,0.027621085,0.029551525,0.032379586,0.028766241,-0.021393992,-0.054674863,-0.027414314,-0.041119344
3/31/1978,0.024291498,-0.002929979,0.010377086,0,0.017784288,0.017213556,0.016482489,0.003191632,-0.05,2,-0.025276461,0.038126187,0.017647059,0.007868638,0.022066224,-0.001514291,0.019774352,0.054038337,0.026438814,0.009619866,-0.067761807,-0.044980777,-0.048922553
6/30/1978,0.03013834,0.040421418,0.018113583,0,0.058505239,0.022739291,0.089799935,0.038642702,-0.052631579,-0.777777778,-0.009319287,0.077384053,0.020493957,0.010588435,0.042367248,0.08,0.027790789,0.039693101,0.015005061,-0.097800423,0.044052863,-0.006602498,0.074728782
9/30/1978,0.015827338,0.008425001,0.010349702,0,0.027199821,0.023267839,0.034813599,0.010055171,0.005555556,-0.5,-0.013496933,0.111518013,0.021627188,0.007760331,0.021845921,-0.08232403,0.038024078,0.019198871,0.030065792,0.043464328,0.033403657,-0.048391605,0.059733892
12/31/1978,0.02266289,0.017633657,0.010331366,0,0.034193815,0.023244063,0.0410756,0.013441431,-0.022099448,0,-0.086235489,0.183209797,0.022177419,0.006577716,0.027110731,0.031752104,0.023682844,0.038853238,0.022893056,-0.001373915,-0.065328343,-0.031111514,-0.044812283
3/31/1979,0.036472761,0.004502755,0.008769216,0.044893378,0.020049262,0.025185185,0.008597335,0.001797873,-0.005649718,-3,-0.02722323,0.051723234,0.023175542,0.012098551,0.024167417,-0.133667037,0.012116938,0.032943755,0.009610913,0.054611375,-0.005096469,0.003770613,0.02260819
6/30/1979,0.03518931,-0.002176827,0.007376319,0.139634801,0.0255825,0.031791908,0.023219178,0.001069198,-0.028409091,-7.5,-0.067630597,0.010796525,0.023614458,-0.009001163,0.026695083,0.053070832,0.030017916,0.001045099,0.01019212,0.042973786,-0.020490304,0.018976319,0.017448744
9/30/1979,0.03141136,-0.003031966,0.005681101,0.446748351,0.029452229,0.032212885,0.026658913,0.007428715,0.029239766,-0.384615385,-0.04152076,0.074458094,0.025894539,0.004538027,0.034817779,-0.032107295,0.037424863,-0.002185478,0.026842653,0.034404615,0.011206575,-0.031381237,0.049886919
12/31/1979,0.035043805,0.003879335,0.003256487,0.205211726,0.021112138,0.031659882,0.003916666,0.00250075,0.017045455,-0.125,-0.027139875,0.241323808,0.030289123,0.00171543,0.026801224,-0.157883687,0.026635713,0.147639117,0.02250039,0.076080462,-0.041374215,0.004475324,-0.008875097
3/31/1980,0.046352277,0.004152709,0.003499849,0.162162162,0.024215064,0.039456379,0.018269408,0.003145191,0.055865922,0.142857143,0.021459227,0.10935446,0.036971047,0.003452275,0.028538629,-0.135627026,0.048323659,0.145426008,0.021695247,0.017582824,0.001156069,0.000255095,0.047388382
6/30/1980,0.020030817,-0.042171456,-0.004793217,0.102325581,0.002691909,0.033741038,-0.060714972,-0.020604722,0.164021164,0.375,-0.143382353,-0.159066042,0.033505155,-0.008770976,0.001409857,-0.196134987,0.03348882,-0.123637616,0.016402784,0.387049836,-0.058891455,0.005209395,-0.016550289
9/30/1980,0.032854985,-0.016866477,-0.004488337,-0.042194093,0.021138205,0.01876785,-0.01415856,-0.001188471,0.045454545,0.454545455,0.246474555,-0.224624764,0.014962594,0.011215069,0.034668857,0.474703983,0.036067521,0.044294386,0.034282726,-0.107133491,0.110429448,-0.027884883,0.136749767
12/31/1980,0.023034735,0.038682983,0.007506885,-0.039647577,0.045186336,0.02803364,0.084811285,0.018649256,-0.034782609,-0.3125,0.063453025,0.613822713,0.031122031,0.01377687,0.038590921,-0.027250608,0.015150406,0.13378657,0.024797813,-0.198854457,0.046040516,0.041439074,0.078605574
3/31/1981,0.030378842,0.00259076,0.004291278,0.04587156,0.046439911,0.027658746,0.092865863,0.019594295,0.004504505,-0.636363636,-0.052728955,0.04685155,0.023431295,-0.001391751,0.029387146,-0.0987994,0.05360692,0.043938473,0.03689597,-0.008249313,-0.043309859,0.062656197,-0.00955478
6/30/1981,0.022545959,0.002843646,0.002637663,-0.01754386,0.012267437,0.020849128,-0.015512637,-0.007410636,-0.004484305,-1,0.083007813,0.071788348,0.022118743,0.001165876,0.016899118,-0.073272273,0.014484732,0.060986908,0.006887285,0.00831793,-0.018034597,0.090623808,0.008937975
9/30/1981,0.006784261,0.009737234,0.002094363,-0.035714286,0.031012176,0.027849981,0.054246892,0.011975252,0,#NAME?,0.011722272,-0.010826788,0.033788914,0.021556974,0.021120517,-0.200059898,0.025207103,0.079907078,0.027472935,0.075527039,-0.084332834,0.067731027,-0.053380657
12/31/1981,-0.001010782,-0.022079449,-0.004358385,-0.018518519,0.006197922,0.016257225,-0.016125282,-0.010895641,0.112612613,2,-0.121657754,-0.227685522,0.019463827,0.001113739,0.008358585,-0.148259079,0.036375142,-0.048638287,0.030940367,0.144537242,-0.046663938,-0.042292061,-0.028493703
3/31/1982,0.008768971,-0.020254298,-0.006889843,-0.114245283,-0.00198609,0.008887309,-0.049649217,-0.015535445,0.072874494,1.833333333,0.01217656,0.045559173,0.012247839,0.002408235,0.020107035,0.095824176,0.018455096,0.010718599,0.031660428,0.047952345,-0.075998283,0.043984168,-0.066393533
6/30/1982,0.001003009,-0.012614761,-0.005302656,0.112472042,0.017612914,0.014446794,0.014521914,0.004561985,0.067924528,-0.647058824,-0.004010025,0.021589483,0.018505338,0.006045294,0.012660532,0.104693141,0.024549589,-0.022846127,0.01727223,0.089242575,-0.017657993,0.037235458,-0.000207015
9/30/1982,0.004342017,-0.014396321,-0.007607674,-0.006797511,0.01030921,0.017367141,0.003060731,-0.003822993,0.049469965,-0.666666667,0.007045798,-0.241244041,0.016771488,0.004789005,0.022553073,0.093681917,0.031128276,-0.059500768,0.05780221,0.049054142,-0.021759697,0.049849082,-0.002265853
12/31/1982,0.000997672,-0.018634557,-0.005979848,-0.021110468,0.010765162,0.003072721,-0.026571639,0.000399463,0.077441077,1,0.086456772,-0.15698254,0.003436426,0.003132245,0.028736275,0.238047809,0.030643891,-0.186772727,0.048193794,-0.038179331,0.200193424,0.01856849,0.202147163
3/31/1983,0.000332226,0.011296886,0.00200027,-0.123978336,0.020823139,0.000680735,0.022180222,0.013178476,-0.028125,-3.25,0.038638454,-0.067466971,0.006164384,0.009444652,0.018192552,0.172432287,0.019105154,-0.0100877,0.039612422,-0.174941815,0.083803384,-0.021558504,0.080858629
6/30/1983,0.003653271,0.02227874,0.007610572,0.029788669,0.03035487,0.011564626,0.071216833,0.022756124,-0.022508039,-0.444444444,0.216120461,0.016770519,0.00987066,0.006939085,0.029677439,0.144556267,0.008031213,-0.000556374,0.060336217,-0.039492243,0.092936803,0.030334868,0.101857738
9/30/1983,0.009596294,0.034204072,0.010348327,0.033511625,0.030828635,0.009751177,0.055080706,0.019990643,-0.075657895,1.4,-0.003641661,0.074454588,0.012470509,0.01498597,0.031326408,0.017785771,0.026593525,0.102976896,0.043672954,-0.116005874,0.010884354,0.046545707,0.015516871
12/31/1983,0.004916421,0.026012706,0.014024348,-0.054816223,0.028604467,0.00999001,0.077561349,0.020862175,-0.088967972,0.166666667,0.003654971,-0.002965006,0.01298269,0.022271868,0.022673391,-0.01610053,0.008126228,0.004534082,0.024317988,-0.070228867,-0.001682369,0.01140644,0.002186322
3/31/1984,0.011089367,0.029492538,0.01318458,0.012358923,0.029870035,0.014177382,0.077010456,0.019547703,-0.078125,0,0.087035688,0.027408245,0.013802169,0.019949211,0.019248332,0.103173019,0.016348457,0.02270046,0.037597593,-0.108684864,-0.038085608,0.010236714,-0.03250979
6/30/1984,0.006774194,0.015199838,0.011136615,0.00561835,0.025984032,0.009427828,0.033142883,0.017277927,-0.055084746,-0.071428571,-0.029480737,0.089399542,0.012317666,0.016644323,0.023861052,-0.035636758,0.022100979,0.105353668,0.033445808,0.05233853,-0.034688157,0.009535959,-0.028817448
9/30/1984,-0.002242871,0.006714096,0.009901937,-0.041622304,0.018617563,0.008695652,0.018867996,0.009640636,0,-0.846153846,0.023817742,0.079353779,0.012487992,0.01319283,0.015213528,-0.126242731,0.022363858,-0.025790409,0.039379995,0.053333333,0.022867514,0.065792053,0.030442012
12/31/1984,-0.002569043,0.0005696,0.008952712,-0.057505755,0.015743649,0.00862069,0.011432196,0.008208571,-0.01793722,-1,-0.039447067,-0.186949594,0.010120177,0.008169384,0.019189454,0.021683126,0.031664271,-0.086421485,0.057686767,0.051436608,0.025195174,0.040482507,0.029325109
3/31/1985,-0.00257566,0.003329103,0.006947775,-0.013877412,0.019673616,0.00918012,-0.002565262,0.009690723,-0.00913242,#NAME?,-0.005265005,-0.085008247,0.010958046,-0.002587717,0.02899041,0.060937172,0.019068896,-0.014808336,0.028722776,-0.053315498,0.068189685,0.061964547,0.072092033
6/30/1985,0.000968367,0.000910005,0.00722084,0.029833641,0.015299392,0.009096612,0.023641858,0.008804664,0.00921659,0,-0.001764291,-0.064980329,0.010529576,0.019461121,0.0173493,0.007922361,0.022428855,-0.065853186,0.037357714,0.034719419,0.031108231,-0.046652676,0.043136364
9/30/1985,-0.006772009,-0.001520961,0.005907974,-0.002369243,0.021394276,0.006216972,0.01766042,0.015271213,-0.01369863,-0.333333333,-0.015553199,-0.002955095,0.008887527,-0.003123034,0.026997129,0.06523875,0.02114009,-0.045081246,0.027308637,0.008388607,0.012256442,-0.065480188,0.020633267
12/31/1985,0.006168831,0.005848149,0.005968665,0.050447987,0.013066781,0.010194625,0.018245298,0.007433273,-0.023148148,0,-0.019030521,0.025753553,0.011543135,0.010569707,0.009161876,-0.03541782,0.015225488,-0.055093944,0.067379078,-0.007351519,0.036945048,-0.080768729,0.042784671
3/31/1986,-0.015166183,0.00602445,0.004158694,-0.417611528,0.014356132,0.005198777,0.011835696,0.009335247,0,1.5,0.049048316,-0.034248766,0.010810811,0.013148493,0.015914706,0.031554791,0.012904115,-0.122784476,0.021004737,-0.054570259,0.116766467,-0.067027318,0.116822954
6/30/1986,-0.018676278,-0.006079679,0.003409631,-0.18125674,0.008306761,-0.00486766,0.008194236,0.004503774,0.018957346,1.4,0.012909979,-0.116064935,0.008318479,0.012789045,0.009857276,0.00945495,0.016183027,-0.113112087,0.036507155,0.021438879,0.09919571,-0.044969242,0.09539482
9/30/1986,-0.004674457,0.003882498,0.004944139,-0.004310345,0.013712726,0.006114338,0.018994582,0.009569929,-0.027906977,0.083333333,-0.019979332,-0.102480156,0.009428403,0.006387797,0.023052464,-0.046464646,0.026735059,-0.038497131,0.032027111,0.022603431,-0.000487805,-0.051676544,0.002500296
12/31/1986,0.003690037,0.011338754,0.006498436,0.10954786,0.010842359,0.006988757,-0.000342443,0.005369857,-0.019138756,-0.230769231,-0.029525483,0.00922506,0.009632224,0.001514623,0.012203483,0.00577812,5.29E-05,-0.005671983,0.042126209,-0.0562463,0.01000488,-0.013194437,0.009890737
3/31/1987,0.011697861,0.013223697,0.006057726,0.185369026,0.01385448,0.012070006,0.0077596,0.007450196,-0.034146341,-0.8,-0.017022818,-0.007050489,0.008094825,0.009215437,0.010396911,-0.026618154,0.012683468,-0.009446877,0.014397912,-0.068172313,0.139647258,-0.066127974,0.147608012
6/30/1987,0.015857284,0.017800017,0.007814745,0.062263426,0.017789332,0.011329756,0.018884246,0.010788423,-0.050505051,-2,0.014738394,0.068692749,0.012044738,-0.009406197,0.023406514,-0.090497738,0.015513606,0.159447287,0.027850328,-0.037477558,0.042823829,-0.028984912,0.050107277
9/30/1987,0.011382114,0.018882181,0.007167507,0.052726709,0.016311359,0.010613208,0.017469114,0.008675669,-0.042553191,1,0.022875817,0.028506048,0.009351091,0.017929924,0.020960699,-0.0177374,0.009060916,0.063167702,0.017746101,-0.033807414,0.083960155,0.017599759,0.087761282
12/31/1987,0.004823151,0.023950688,0.00929668,-0.08414684,0.025271289,0.009334889,0.038778343,0.017170361,-0.027777778,0.25,-0.079872204,0.011712542,0.011510387,0.013481873,0.010778443,-0.064303017,0.019932757,0.029239447,0.034650384,-0.034266409,-0.202738185,-0.065654653,-0.198993941
3/31/1988,0.00576,0.009360614,0.007366904,-0.104751022,0.013054728,0.007803468,-0.017585749,0.005166542,-0.022857143,-2.2,0.06867284,-0.036669336,0.009714127,0.014673925,0.025685511,-0.009884679,0.008246035,-0.078657244,0.022961572,0.043228386,0.008468596,-0.023782747,0.010859705
6/30/1988,0.016544703,0.008671376,0.008205955,0.033923657,0.022995357,0.011471179,0.020761654,0.013139006,-0.040935673,-0.666666667,0.013357401,0.07335971,0.012094557,0.010297863,0.018513553,0.03589256,0.00895921,0.059670827,0.024162319,-0.030179641,0.008397481,0.005306092,0.018538383
9/30/1988,0.014084507,0.003712848,0.007037648,-0.122562352,0.017880223,0.012191664,0.002911312,0.005859283,0,0.5,0.026362665,0.115798682,0.011135253,0.009657784,0.021326366,-0.00527765,0.006999728,0.021400164,0.021402811,0.008891084,-0.000231321,0.078330511,0.013346104
12/31/1988,0.00462963,0.007028424,0.008050763,-0.031831871,0.02208549,0.01092437,0.025096248,0.013325006,-0.024390244,-0.666666667,-0.031586255,0.060750463,0.012087027,0.009443097,0.021604846,0.043829296,0.027579586,-0.016097442,0.031592321,-0.071428571,0.017121703,-0.047362191,0.030721342
3/31/1989,0.022427035,0.004692163,0.007561188,0.254603665,0.020695215,0.011360488,0.025682707,0.010165977,-0.025,-7,0.030824373,0.115483107,0.010615711,0.011369086,0.016198222,-0.102099448,0.018630289,0.028423442,0.021049832,0.045858833,0.04322111,0.032262971,0.056951032
6/30/1989,0.016826923,-0.003620286,0.004723642,0.105386035,0.018364245,0.016164384,0.003138374,0.007632657,0.006410256,-0.166666667,-0.051460362,0.029563487,0.010766807,-0.002935113,0.018232176,0.003937977,0.020446586,-0.049249713,0.021534913,0.055917321,0.058002617,0.04745495,0.079169576
9/30/1989,-0.003546099,-0.006310853,0.00255459,-0.054308496,0.014771055,0.007818819,0.008487161,0.00740877,0,0.6,0.01686217,-0.066023668,0.009612886,0.00664347,0.015645225,-0.036283403,0.017112938,-0.074276176,0.020539136,0.04760768,0.080997527,0.000475043,0.090955102
12/31/1989,0.003855279,0.003946767,0.004640157,0.05607687,0.009107757,0.010165864,-0.007372092,0.00197051,0.025477707,-1,-0.007570296,-0.051645945,0.012094699,0.008469603,0.012273508,0.050877639,0.016586319,-0.024713478,0.033443677,0.042742277,0.001525262,-0.032607482,0.009355612
3/31/1990,0.014771049,0.007473792,0.006790078,0.068328989,0.021830316,0.017213983,0.029314113,0.010927954,-0.01242236,#NAME?,-0.005448602,-0.042539715,0.012712942,0.007668598,0.023054256,0.04647785,0.026642745,0.065355744,0.033513106,0.00590035,-0.040738626,-0.042191389,-0.025487176
6/30/1990,-0.001455604,0.007254292,0.003359957,-0.176116746,0.014869989,0.009893257,-0.005919135,0.003629118,0.006289308,1.5,-0.003652301,-0.001049872,0.013055486,0.006964225,0.012172502,-0.234096692,0.017485219,0.029707959,0.03007774,0.016728221,0.032347688,-0.005707919,0.039283232
9/30/1990,0.018658892,0.004257033,-0.001284227,0.480704042,0.00924291,0.017272493,-0.008591601,0.000665124,0.06875,0.4,-0.129765396,-0.009603107,0.014869888,-0.000335354,0.016722025,-0.056780429,0.013153047,0.003129175,0.028487916,0.063034188,-0.053825452,-0.055715987,-0.039779592
12/31/1990,0.029192902,-0.015293953,-0.003681321,0.20201512,-0.001726151,0.016979219,-0.035330101,-0.009103945,0.076023392,-0.285714286,-0.176916596,-0.051082932,0.011477411,-0.008547092,0.005519883,-0.126801153,0.034269422,-0.033937817,0.040672524,0.15839196,-0.068264933,-0.051794812,-0.057519388
3/31/1991,-0.020022247,-0.018896915,-0.004222769,-0.31621302,0.005070167,0.007475704,-0.020781709,-0.004678676,0.076086957,0,0.150972364,-0.169554754,0.014485756,0.002500907,0.001456419,-0.064906491,-0.028484741,-0.045578858,0.029828936,0.073746313,0.10750109,0.019848476,0.112840183
6/30/1991,-0.009931896,0.005927604,-0.004338727,-0.047197821,0.015191598,0.005936186,0.006151068,0.00779718,0.035353535,-0.3,0.076923077,-0.088077662,0.009043313,0.007312802,0.013777139,0.125882353,0.037679221,0.012792914,0.021008666,-0.062702004,0.067139201,0.097612066,0.074891464
9/30/1991,-0.001433075,0.01418319,-2.77E-05,0.043480356,0.012906281,0.007622326,0.01767458,0.005053384,0.004878049,-0.571428571,0.023534269,-0.037320273,0.010849057,0.004079036,0.011798859,0.006966214,0.028879641,-0.021594908,0.035985142,-0.046724138,0.014206642,0.006229075,0.018205772
12/31/1991,0.000861079,0.001939257,0.000132333,0.003771261,0.009443054,0.00829673,0.012994178,0.003485639,0.033980583,0,-0.130294474,-0.146449476,0.009332711,0.008313545,0.00673669,0.050155655,0.013305258,-0.076100629,0.037212476,0.039066739,0.002001092,-0.056385429,0.004036342
3/31/1992,-0.002867795,-0.00114857,0.000196935,-0.13002607,0.015733318,0.006776379,0.001718789,0.011971576,0.037558685,-0.666666667,-0.015306122,-0.164822274,0.008784096,0.020125665,0.025091458,0.088603426,0.024844085,-0.005182371,0.020935382,-0.010443864,0.064451707,-0.000285706,0.064207638
6/30/1992,0.010928962,0.017788225,0.002578105,0.120339849,0.016919578,0.007692308,0.033917168,0.010843206,0.031674208,-4,0.115402732,-0.062177439,0.008707608,0.009920728,0.01347836,-0.041754917,0.013828003,0.009456257,0.026632396,-0.043975374,-0.006140201,-0.001363022,-0.004637003
9/30/1992,0.005974395,0.007892243,0.002436457,0.022861009,0.014817109,0.007633588,0.010392147,0.009881072,0.004385965,-0.666666667,-0.03589527,-0.136411714,0.007723762,0.004641613,0.017165316,0.035048942,0.01252746,-0.102667908,0.020068232,0.007359706,0.013385962,-0.070975727,0.017210765
12/31/1992,-0.000282805,0.01036419,0.003762126,-0.054975312,0.017385144,0.00875947,0.024272503,0.010428799,-0.034934498,2,0.093298292,-0.068834417,0.009017133,0.004532121,0.018973267,0.045149481,0.010234685,0.018367906,0.027650302,-0.142648402,0.010160881,0.082805429,0.015747527
3/31/1993,0.004526167,0.009179432,0.005873635,-0.031935153,0.007282957,0.007275287,0.013193822,0.001669791,-0.031674208,0.333333333,0.048878205,0.002452157,0.008713137,0.003759728,0.009820765,-0.013134851,0.001721555,-0.071528603,0.012825206,-0.044524925,0.034534786,0.053736301,0.04499226
6/30/1993,0.009574768,0.002029739,0.005399719,-0.003278689,0.011810756,0.00722274,0.018253856,0.005821135,-0.009345794,0.25,-0.05500382,-0.014817767,0.00841639,0.003097626,0.015886884,-0.010351967,0.005954054,-0.043159635,0.028688738,0.005128205,-0.001944579,-0.026444928,0.006223714
9/30/1993,-0.005299861,0.003521343,0.006320621,-0.099375843,0.010744552,0.004626417,0.003728443,0.004771566,-0.037735849,0.4,-0.061438965,0.020173355,0.005930156,0.00086594,0.015517736,0.092349074,0.010591231,-0.062253976,0.013680994,-0.007542147,0.01250203,0.030349407,0.018075802
12/31/1993,0.000280426,0.015809534,0.006958158,-0.075577366,0.019127888,0.008289201,0.040813352,0.013600756,-0.024509804,0,0.085701981,-0.022715154,0.007860262,0.006939835,0.014597185,0.123119015,0.009052554,0.000116688,0.028153306,-0.015422441,0.015234124,0.013520318,0.023620151
3/31/1994,0.003924867,0.012324662,0.007698694,-0.099566398,0.014530625,0.005023978,0.021873947,0.009703128,-0.010050251,-0.285714286,0.106703689,0.073980309,0.006499133,0.006614689,0.01506077,-0.025334957,-0.006376321,0.084465378,0.008859077,0.029057889,0.003001106,0.006604123,0.010643802
6/30/1994,0.005585032,0.018421866,0.009234595,0.200045005,0.018449328,0.005680527,0.038942834,0.013550998,-0.055837563,0.6,-0.008602151,0.227052964,0.006887645,0.010066841,0.013401906,0.035991002,0.012535285,0.1640625,0.015282999,-0.003750276,-0.046771654,-0.027369815,-0.038457852
9/30/1994,0.007775618,0.012770282,0.008801884,0.040502531,0.011610984,0.009263443,0.003958901,0.00584536,-0.032258065,-0.125,-0.015907448,0.139007047,0.00748183,0.005835036,0.014854621,-0.005066345,0.019476735,0.033634541,0.010105467,-0.030779451,0.010573269,-0.043498228,0.022058789
12/31/1994,0.003857812,0.020137173,0.007944818,-0.045413588,0.016943354,0.005820461,0.035527416,0.011455183,-0.061111111,-0.428571429,0.026451139,0.152159163,0.006365372,0.0143496,0.015562974,0.002182347,0.014538088,0.06949325,0.022886367,-0.025180326,-0.010789603,-0.008884716,-0.002419199
3/31/1995,0.016469942,0.010261392,0.007519598,0.039645082,0.008987044,0.007344759,0.00725049,0.003546955,-0.029585799,-0.75,0.012884753,0.122842687,0.008433481,0.008541427,0.00741017,-0.089765304,0.014822549,-0.046690423,0.013325834,0.027276025,0.027433482,-0.019765146,0.044478793
6/30/1995,0.012152309,0.003306995,0.003710315,0.053749773,0.007804539,0.008174989,-0.006773351,0.002983057,0.036585366,-12,-0.028268551,0.037282679,0.008153878,0.00284186,0.014629063,0.019404572,0.010880479,-0.116597208,0.017938717,0.071599681,0.070451986,-0.04741984,0.091530237
9/30/1995,0.002134472,0.009477839,0.004225905,-0.077029123,0.013471579,0.005040544,0.004740063,0.008506649,0,-0.454545455,0.016363636,-0.036873652,0.006636251,0.009164374,0.013188476,0.085006519,-0.00449642,-0.041052404,0.004566613,0.006660787,0.060706236,0.022308449,0.076945448
12/31/1995,0.002129925,0.008347538,0.004638852,0.016990291,0.01164383,0.005451374,0.018149891,0.006790365,-0.017647059,-0.166666667,-0.036135957,-0.013406082,0.007004532,0.005848003,0.011403041,0.02667628,0.006392608,-0.068042964,0.002951759,0.019185449,0.03853237,0.004222477,0.05732169
3/31/1996,0.00664187,0.006746269,0.004293056,0.088856251,0.01233592,0.008891781,0.016281811,0.007489713,-0.005988024,0.2,0.0077951,-0.060926682,0.006751227,0.009463763,0.014821652,-0.006554307,0.02086988,0.002023461,0.025882876,0.024486408,0.041604147,0.022881445,0.065782343
6/30/1996,0.012140406,0.021625082,0.006642363,0.100488956,0.020889962,0.008598452,0.034730509,0.016678839,-0.006024096,-1.5,0.011049724,-0.02365169,0.005893111,0.009163604,0.017528814,0.024740811,0.009445018,0.13595818,0.008458736,-0.083248937,0.010869565,0.019068915,0.035190712
9/30/1996,0.002607562,0.012941483,0.006168861,0.030641949,0.012270629,0.005754476,0.026304006,0.008970109,-0.042424242,-1.333333333,0.03715847,0.011868827,0.006464646,0.008099863,0.010337386,-0.021614164,0.002450285,0.009215732,0.012349169,-0.032699956,-0.016064257,-0.010452979,0.001891031
12/31/1996,0.002080624,0.013780071,0.005948023,0.100044596,0.015786073,0.008688281,0.007620039,0.010383976,0.012658228,-3,0.027748507,-0.004772927,0.006423123,0.005328811,0.014838689,-0.017391304,0.007061586,-0.062241417,0.018825753,0.016902695,0.076761027,0.009973753,0.099625835
3/31/1997,0.000519076,0.018982102,0.006227103,-0.076081081,0.012456035,0.006092437,0.021366565,0.006455608,-0.01875,3,0.015379357,-0.000459228,0.005783805,0.009517864,0.015007815,0.019612533,0.007222296,0.03349071,0.010842783,-0.04851752,0.056370751,0.064239049,0.081117313
6/30/1997,-0.010116732,0.014032508,0.007172053,-0.126517478,0.018674691,0.00229693,0.02576781,0.016619781,-0.044585987,-0.5,0.040390441,0.046179014,0.006345429,0.008867027,0.007018706,-0.006098991,0.000372556,0.020205193,-0.000880709,-0.001652502,0.027433731,0.022497363,0.049378337
9/30/1997,0,0.023146765,0.005828977,-0.006195579,0.016903505,0.005,0.026074641,0.012507786,-0.026666667,-0.25,0.027175671,0.002259265,0.004334975,0.011768861,0.019727423,0.034458343,0.015835556,-0.068286767,0.006881317,-0.008512651,0.104100946,0.03003965,0.129272423
12/31/1997,0.002358491,0.025323343,0.007907212,0.00673968,0.011899585,0.005389718,0.012479075,0.008587436,-0.04109589,-1.333333333,-0.008188976,-0.004929398,0.005689621,0.014725531,0.015139656,0.009354324,0.013427812,-0.053810812,0.016486162,-0.030288576,0.002653061,-0.01096061,0.023049432
3/31/1998,-0.019346405,0.011266056,0.006114624,-0.200167364,0.0114732,0.002061856,0.027173751,0.009993754,-0.007142857,0,0.027310257,0.002168364,0.0060476,0.021052049,0.010187806,0.086573237,-0.004580561,-0.0533849,0.007276477,0.018691589,0.056991655,0.029272779,0.075375782
6/30/1998,-0.000799787,0.00659127,0.006320135,-0.080142289,0.011641486,0.003292181,0.008244822,0.009258205,-0.050359712,0,-0.008346213,-0.003960769,0.005623424,0.013751786,0.019441855,-0.032244643,0.009990269,0.00036349,0.000993969,0.002414293,0.068938956,-0.000443523,0.084623185
9/30/1998,-0.00506937,0.007514083,0.005668297,-0.035714286,0.016878827,0.005127153,0.026771067,0.012527646,0.03030303,4,-0.032107232,0.006213384,0.005977632,0.010073652,0.016167839,0.040627687,0.010114534,-0.068956022,-0.003918936,-0.009874759,-0.034318141,-0.001489137,-0.022156518
12/31/1998,-0.00670421,0.014432815,0.006007889,-0.091295117,0.018955395,0.00469292,0.031124857,0.016161907,-0.022058824,-1.6,-0.031884058,-0.121318111,0.00555875,0.007915767,0.01710291,0.060318116,0.015009764,-0.104738287,0.015928506,-0.007297495,0.025650592,-0.055255179,0.033680671
3/31/1999,-0.007019438,0.01124197,0.005940578,0.016095535,0.012663128,0.003655565,0.020933355,0.009438266,-0.030075188,-1.333333333,0.056886228,-0.025920542,0.004384293,0.010919243,0.012242393,-0.003117086,0.007500974,0.072691737,0.006661303,-0.008086253,0.112404511,0.0275624,0.123807286
6/30/1999,0.015497553,0.009298496,0.006366375,0.353602453,0.012168707,0.007486847,0.011136287,0.00835,-0.007751938,-1,0.003147624,0.002774654,0.004744733,0.001187772,0.021074942,-0.034199726,0.00971531,0.108068349,-0.002271032,-0.032114625,0.04177567,0.043534192,0.054860069
9/30/1999,0.019009371,0.008968571,0.005850026,0.230841827,0.016839436,0.007431211,0.022677932,0.01323027,-0.0078125,inf,-0.003137747,0.073267421,0.005289006,0.007644625,0.01680407,-0.007689195,0.015038925,0.061668171,0.003101912,-0.027309852,-0.002746606,-0.003750563,0.009283232
12/31/1999,0.008407777,0.017666884,0.006842356,0.130041405,0.022045137,0.007376396,0.025508188,0.01642779,-0.039370079,-2,-0.005980485,0.040913842,0.005636979,0.013377779,0.020788172,0.020391517,0.027561328,0.044513233,0.021183568,-0.030963002,0.006846081,-0.006729158,0.023928721
3/31/2000,0.013288171,0.009990474,0.005901664,0.172750712,0.010303865,0.009895112,0.020985612,0.003644474,-0.008196721,-0.75,0.046231792,0.070450422,0.006539611,0.017485386,0.023380118,0.013189448,-0.004025498,0.052657849,-0.000467271,0.006227999,0.009534975,0.036767291,0.033405659
6/30/2000,0.018513757,0.012303782,0.005915296,-0.000809998,0.024548751,0.007838526,0.032246725,0.01820583,-0.024793388,1,-0.012409201,0.104670292,0.006311491,0.011928805,0.01415282,-0.07061144,0.018010361,-0.043827145,-0.015147768,-0.017491927,-0.006967562,0.041760265,0.018726899
9/30/2000,0.013127998,-0.000980717,0.001931555,0.098668211,0.006874212,0.009138635,-0.001855446,0.000997741,0.016949153,1.5,-0.011952191,0.039457807,0.006640841,0.012955369,0.016100756,-0.010186757,0.007184558,-0.047709483,-0.002068084,0.075067496,-0.005925002,0.027038975,0.020313402
12/31/2000,0.013207077,-0.002742549,0.002008472,0.011278592,0.01139534,0.007129094,0.005805351,0.005943618,-0.025,0.4,-0.032878412,-0.006835726,0.006047279,0.006213818,0.014462436,0.015008576,0.018345286,-0.054194348,-0.002108323,0.088133064,-0.094816093,0.035441977,-0.074302266
3/31/2001,0.016478111,-0.012954056,0.001554263,-0.099124453,0.0033047,0.009565716,-0.026716819,-0.00324221,0.085470085,0.571428571,-0.112251443,-0.135583945,0.007285974,0.008140516,0.011086058,0.059146599,0.022035567,-0.094504604,0.019696175,0.119409974,-0.08915266,-0.0277771,-0.068052823
6/30/2001,-0.01112993,-0.012741356,-0.002666774,-0.032164758,0.012298583,0.00701156,0.003955267,0.006213892,0.039370079,0.090909091,-0.013728324,-0.226960283,0.006148282,-0.00256691,0.006709267,-0.011368169,0.023591061,0.045992868,-0.008127314,0.077389667,-0.05536003,0.045831531,-0.030690201
9/30/2001,-0.021042329,-0.014172922,-0.00301129,-0.046025105,-9.25E-05,0.002822732,-0.012095921,-0.00400349,0.098484848,0.25,-0.026739927,-0.190718314,0.006829619,0.021812952,0.003990211,-0.036110551,0.005702431,-0.053154406,0.014082697,0.040380509,-0.081361394,-0.012996744,-0.065257185
12/31/2001,-0.029742564,-0.011037844,-0.006055923,-0.232957393,0.005892138,-0.00075061,-0.001940675,0.002773144,0.137931034,-0.066666667,-0.038765525,-0.391568883,0.006604784,-0.016606452,0.016543303,0.024905818,0.017517492,-0.046768054,0.023413834,0.081731666,-0.023457196,-0.001178665,-0.033231111
3/31/2002,-0.003863988,0.007073541,-0.003234429,0.059140663,0.011541241,0.003192488,0.01593383,0.008282272,0.036363636,-0.285714286,0.093970243,-0.186603175,0.005497429,0.023477972,0.004234321,0.050234838,0.020985413,0.066581993,0.010531445,-0.084526479,0.006398024,0.024039637,0.015104592
6/30/2002,0.014998707,0.015592866,-0.00092785,0.215640907,0.009640655,0.007862224,0.007792781,0.006155025,0.023391813,-0.8,0.010379384,0.010762128,0.005114638,0.008089175,0.012501616,0,0.013093366,0.005301477,0.020052674,-0.003391747,-0.068369395,-0.040539204,-0.054817186
9/30/2002,0.006369427,0.006240032,-0.000671019,0.078416445,0.008870756,0.00538633,0.009533768,0.004035287,-0.017142857,-1,-0.072617783,-0.006091157,0.005264081,0.001486713,0.012201296,0.018082831,0.012493997,-0.16328529,0.016611036,-0.02628096,-0.169041063,-0.057831058,-0.163212078
12/31/2002,0.010632911,-0.000555119,9.45E-05,-0.005294741,0.00704595,0.005911694,0.000628879,0.001306558,0.023255814,inf,-0.03934301,-0.170392108,0.004538314,0.006355539,0.010251719,0.043926662,0.023026687,-0.062613183,0.028494585,0.019029126,-0.014407146,-0.009270534,-0.010006059
3/31/2003,0.037324649,0.006230844,-0.00117177,0.210787793,0.010188192,0.010284665,0.002880553,0.005167232,0,-2.5,-0.04612326,-0.134723163,0.003301477,-0.000576223,0.012600975,-0.00859861,0.016922375,-0.021184052,0.008596865,0.021532012,-0.04370706,-0.053940481,-0.029066327
6/30/2003,-0.006278677,-0.007668364,-0.001760995,-0.148983978,0.012406963,-0.001636066,0.013380558,0.008933778,0.045454545,1.333333333,0.116298458,-0.002371328,0.001731902,0.01255572,0.012466192,0.017346374,0.017248917,-0.076368643,0.032402454,0.035627681,0.08300214,-0.043545174,0.089728174
9/30/2003,0.006561361,0.006808498,6.91E-05,0.040523476,0.022443936,0.007465404,0.033930502,0.016668963,0,-0.142857143,0.000373413,-0.184370629,0.003976487,0.017521426,0.020814117,0.054235443,0.008046188,0.167656044,0.016971056,-0.058177233,0.055045872,0.004281299,0.066509836
12/31/2003,0.008450024,0.009638116,0.002360507,0.032325684,0.017772187,0.003795409,0.027305109,0.011540457,-0.048913043,-0.333333333,0.029861889,-0.019775521,0.002583089,0.002750038,0.011831495,0.01806607,0.007891064,0.013602109,0.031642912,-0.086632243,0.047090301,-0.056454177,0.056050706
3/31/2004,0.021307158,0.006959394,0.003116092,0.13038367,0.012844886,0.008462369,0.010779025,0.005729165,-0.022857143,-1.5,0.06560348,0.005145781,0.004809344,0.004442205,0.017097437,0.011323306,0.020156327,-0.064212587,0.019020389,-0.034338358,0.050210809,-0.040058735,0.072145965
6/30/2004,0.028598218,0.005662076,0.00550497,0.087170275,0.015881984,0.00785574,0.032865615,0.007787388,-0.01754386,-2,-0.047619048,0.009432927,0.006324786,0.010384918,0.012217193,0.042780749,0.008903914,0.146408173,0.020090539,-0.030789245,-0.03649635,0.030846754,-0.008365031
9/30/2004,0.009799453,0.005590553,0.002481653,0.144273415,0.015891599,0.006377325,0.021460902,0.009412472,-0.029761905,-1,0.024285714,0.41474779,0.004246645,0.007173673,0.016721696,-0.004967949,0.016910244,-0.064321144,0.014395543,-0.009619687,-0.033585859,-0.013381936,-0.017172576
12/31/2004,0.019183029,0.014302331,0.004284148,0.101383189,0.018033439,0.010737546,0.026002866,0.010220274,0,#NAME?,-0.018131102,0.36283522,0.00608931,0.012622843,0.019959759,0.00789177,0.01079378,-0.029199706,0.029419764,-0.031850011,0.032401359,-0.052897123,0.053214343
3/31/2005,0.010186005,0.014099258,0.003491174,0.028981507,0.019164038,0.005050505,0.025468219,0.011108825,-0.024539877,2,0.002130682,0.266224427,0.006220578,-0.012101942,0.012199164,0.009108341,0.026162944,0.030604892,0.023801026,0.001399907,0.008225766,-0.008635948,0.025197423
6/30/2005,0.016220956,0.005421449,0.005484232,0.067127146,0.012169384,0.006757928,0.006255708,0.004866045,-0.037735849,-1,-0.041105599,0.191477619,0.004678363,0.009708465,0.017470143,0.015518606,0.009478868,-0.033695647,0.007658154,-0.015144455,-0.031881511,0.035321123,-0.008367658
9/30/2005,0.026962899,-0.004265074,0.005509161,0.189216364,0.017023281,0.015146299,0.018442995,0.00785622,-0.026143791,#NAME?,-0.029933481,0.176167352,0.003326127,0.00417592,0.019189071,0.042413847,0.031848332,0.013601353,0.012277681,0.044712562,0.012835473,0.027907153,0.035703255
12/31/2005,0.035286704,0.00893918,0.003562574,-0.048298457,0.013814726,0.009325195,0.020920568,0.005679282,0,-1,-0.057904762,0.149786378,0.006630201,0.008394005,0.009829238,-0.026477188,0.004046012,0.064775884,0.029964917,-0.030214803,-0.011136713,0.024357405,0.005141324
3/31/2006,-0.009332522,0.009363519,0.005968424,0.05519156,0.020635829,0.005207458,0.028009272,0.013486661,-0.046979866,inf,0.078851597,0.119612629,0.006257204,0.020119448,0.016180423,-0.00568531,0.01432532,0.019807521,0.024569505,-0.101221451,0.023300971,-0.01021689,0.043224803
6/30/2006,0.016178579,0.005910224,0.003833375,0.11339718,0.011343642,0.009024064,0.001636136,0.002455837,-0.021126761,-0.5,-0.057721139,0.101809608,0.008181967,0.003809376,0.014010732,-0.10832947,0.011709707,0.108278602,0.005839815,0.05765442,-0.031625553,-0.039398819,-0.00221497
9/30/2006,0.007859734,0.003801179,0.003138654,-0.001228792,0.008489813,0.009440212,0.002070376,0.001504562,2.22E-16,1.5,0.002784407,0.068820784,0.006817075,0.001995758,0.013669039,-0.109185442,0.010760646,-0.035327617,0.010324414,0.010913429,-0.015153494,-0.008742076,0.005860005
12/31/2006,-0.015396921,0.002150652,0.002699625,-0.146926608,0.012211226,-0.004101723,-0.003173849,0.008437117,-0.043165468,-0.4,0.100357001,-0.000455892,0.005158794,0.012714711,0.007864896,-0.077237354,-0.000282406,-0.053713565,0.020365644,0.017391002,0.071096962,-0.006991145,0.07786753
3/31/2007,0.015637693,0.009746194,0.004047047,-0.0326714,0.012542487,0.009803954,0.003037539,0.002935989,0.015037594,-1.333333333,-0.002883922,0.002216463,0.005858861,0.007409169,0.015356003,0.016234451,0.041946025,0.010449321,0.019520349,-0.019106759,0.000123839,-0.008109058,0.025741759
6/30/2007,0.036792641,0.012302479,0.002606412,0.117667297,0.013114489,0.011325538,0.01301567,0.006384345,0,-2,-0.057483731,-0.00040688,0.00485368,0.004536938,0.011136493,-0.093360996,0.009640033,0.035704283,0.002035331,-0.008035062,0.014735017,-0.023328295,0.051106313
9/30/2007,0.004821601,0.001572329,0.000589509,0.162074804,0.011250804,0.006330125,-0.000258192,0.006023067,0.037037037,-4,-0.013425393,-0.033902437,0.005155531,0.00173174,0.012360433,-0.09771167,0.013910956,-0.022220175,0.015784968,0.006381934,-0.020256254,-0.022508255,-0.005151493
12/31/2007,0.02168906,0.003053414,0.001695046,0.203311258,0.010363896,0.012266418,-0.006294363,0.00609644,0.028571429,0.666666667,-0.096034215,-0.114043355,0.007039274,0.001572377,0.014162224,-0.095866092,0.015406479,-0.099569165,0.024592311,0.072682927,-0.015942209,-0.044732981,0.004217607
3/31/2008,0.036257749,-0.003185896,0.000366397,0.078187489,-0.000578999,0.010831886,-0.024638465,-0.004074295,0.041666667,-0.4,-0.059354839,-0.292332136,0.006623243,0.001685556,0.006775931,-0.137447405,0.011674613,-0.140947167,0.022582958,0.036607549,-0.112390837,-0.027319621,-0.096997781
6/30/2008,0.065989848,-0.014848112,-0.00342649,0.265534608,0.010822601,0.013009373,-0.005171561,0.005722953,0.066666667,1.333333333,-0.182441701,-0.34472039,0.004344915,0.019355602,0.012537733,0.035121951,0.075080093,0.059018304,0.005765453,0.053959202,-0.009268501,-0.026369032,0.015522786
9/30/2008,0.022789116,-0.032475015,-0.005133227,-0.048240071,0.002239921,0.015418805,-0.016911924,-0.005268929,0.125,0.142857143,0.087807606,-0.069108915,0.006436457,-0.019947957,0.002879265,-0.190700597,-0.024323301,-0.004991547,0.05612291,0.168158169,-0.098013817,0.039136313,-0.087197742
12/31/2008,-0.111905554,-0.042931542,-0.011668291,-0.505269106,-0.019517486,-0.022901903,-0.064636387,-0.021830971,0.144444444,0.375,-0.110539846,-0.739610171,0.002448114,0.01079093,-0.024818553,-0.25621118,0.04128126,-0.162475302,0.067341498,0.20363442,-0.249561194,0.11276998,-0.27159795
3/31/2009,-0.047743868,-0.056658673,-0.016665191,-0.264005482,-0.012137491,-0.006878696,-0.075791608,-0.011657225,0.203883495,0.454545455,0.010404624,-0.634999163,0.004197277,-0.002166587,-0.009283061,-0.1565762,0.014859487,-0.154095091,0.03991998,0.194937833,-0.093982564,0.019342932,-0.114379426
6/30/2009,0.010617381,-0.028139656,-0.01395172,0.386018001,-0.003441573,0.005317571,-0.042722515,-0.001692381,0.125,0.25,0.170480549,-0.034820601,0.005098019,0.005376667,-0.000964513,0.038366337,0.026617853,0.213638564,0.037596497,-0.013501796,0.111476179,-0.037945489,0.10516171
9/30/2009,0.014785992,0.015933104,-0.007362414,0.145440296,0.004703768,0.008603933,0.004165538,0.0036193,0.035842294,-0.1,0.002932551,-0.132984434,0.002979952,-0.012128965,0.013655601,0.084624553,-0.006954228,0.059328844,0.031575948,-0.08940231,0.131967905,-0.050147423,0.115557571
12/31/2009,0.017446319,0.015715161,-0.003850311,0.115292508,0.014005651,0.007829334,0.038300891,0.010679619,0.031141869,-0.5,0.02582846,-0.233098592,0.005114783,0.001932389,0.006599996,0.027472527,0.009203873,-0.015287979,0.033713417,-0.097490347,0.10968103,-0.028914855,0.093371991
3/31/2010,0.029206708,0.019402722,-0.001341404,0.033654689,0.00773743,0.001585034,0.007355872,0.005000535,-0.010067114,-1,0.052731591,0.131109071,0.000149536,0.007576477,0.009678494,0.055080214,0.019644895,0.07327778,0.037507994,-0.049197861,0.032946714,0.046807574,0.032028636
6/30/2010,0.011900403,0.01981575,0.004889988,-0.009369171,0.014601265,-0.000352695,0.040498654,0.009677046,-0.020338983,inf,0.000902527,0.433860745,0.001255008,0.016581767,0.010522842,-0.088190573,0.011644152,-0.060617752,0.033560234,-0.033424393,0.009275834,0.060028766,0.009781862
9/30/2010,0.00217116,0.013240131,-0.000166125,-0.022125219,0.010775028,0.002931467,0.025735368,0.007731442,-0.017301038,0.5,-0.07619477,-0.016531445,0.002420895,0.006385125,0.009074463,-0.042801556,-0.008029537,-0.202711167,0.027256148,-0.000831255,-0.035472428,-0.027335097,-0.033789962
12/31/2010,0.018234338,0.00388622,0.002533192,0.116323851,0.011086407,0.00809724,0.006257036,0.005195952,0.003521127,-0.222222222,0.043435822,0.004029937,0.002616678,0.003660999,0.012578352,0.016260163,0.001610014,0.033706157,0.034184185,-0.064891847,0.09227683,-0.042036266,0.09882696
3/31/2011,0.042021277,0.005190349,0.002511493,0.105300298,0.002741636,0.010672177,-0.007880253,-0.002409161,-0.049122807,-0.428571429,0.02525725,-0.184683996,0.004724443,0.009562895,0.012259116,-0.028,0.002264176,0.201165527,0.017461337,-0.045551601,0.06167738,-0.012484604,0.081308796
6/30/2011,0.039816233,0.003819464,0.005244391,0.091225083,0.013424861,0.011370136,0.021657265,0.006780508,0.003690037,-0.25,-0.016423358,-0.387822817,0.004673846,-0.002543772,0.010876223,0.07877719,0.009997086,-0.074040999,0.005113694,0.01901566,-0.015424535,-0.037113057,0.012133189
9/30/2011,0.000654557,0.011360824,0.003132242,-0.12523565,0.005794363,0.006520658,0.008024156,-0.000387672,-0.007352941,-0.833333333,-0.169758813,-0.116560622,0.006837655,0.004442922,0.007682914,0.023433243,-0.009074968,-0.245893295,0.031182478,-0.017197219,-0.086969253,0.006910126,-0.070592503
12/31/2011,-0.015044971,0.009800442,0.004212045,0.048526734,0.012435453,0.004489027,0.050821075,0.011216782,-0.040740741,2,0.08603352,-0.11053316,0.005333743,0.002852569,0.005033302,0.104366347,0.004563234,-0.152222096,0.029248821,-0.057254547,-0.021327774,0.038726774,0.000312443
3/31/2012,0.006973269,0.009644482,0.005932408,0.093872922,0.014300794,0.005631718,0.021054803,0.008179228,-0.042471042,1.666666667,0.165123457,0.401195296,0.005256973,0.018380608,0.013889446,0.087753134,-0.007455812,-0.003283941,0.025197367,-0.052805281,0.066033098,0.017366254,0.100462872
6/30/2012,-0.001813685,0.006332309,0.003148454,-0.091486329,0.008607102,0.002111017,0.01525677,0.0045586,-0.008064516,-0.75,0.010596026,0.462025316,0.004913872,0.00895036,0.004173016,0.029255319,-0.001807141,-0.105009191,0.015924052,0.025015635,-0.027513065,0.016284954,0.00066345
9/30/2012,0.002973241,-0.00015809,0.003068882,-0.012943945,0.006935836,0.004514702,0.001668824,0.00174883,-0.020325203,-0.5,-0.01747488,-0.052261748,0.004521979,-0.006543101,0.004937135,0.127906977,0.001539864,-0.10105888,0.013320877,-0.005084401,0.014540857,0.0109028,0.037984711
12/31/2012,-0.000658762,0.005263657,0.00390563,-0.044543188,0.006179463,0.006649524,0.001408152,0.001098381,-0.029045643,-1,0.059137394,0.116716867,0.004656502,0.027906014,0.009611762,0.048109966,0.006573867,0.040078321,0.022811187,-0.003679477,-0.007322013,-0.020790844,0.012272649
3/31/2013,0.006591958,0.007291042,0.004701148,0.070251059,0.012707618,0.004019547,0.024234022,0.008677895,-0.008547009,#NAME?,-0.034424853,-0.108743538,0.005061384,-0.039390684,0.008950055,0.040437158,-0.00621778,0.142907904,0.020608323,-0.059704555,0.041588198,0.012081359,0.067582208
6/30/2013,0.001800917,0.00473144,0.004315053,-0.0013778,0.004239629,-0.001094852,0.007573424,0.001393852,-0.025862069,-0.5,0.065217391,-0.19379924,0.002273535,0.007440286,0.002251692,0.035364146,0.001754455,0.018067658,-0.001971275,-0.017455815,0.038722314,0.018864363,0.063086206
9/30/2013,0.000980552,0.004053529,0.003897236,0.123111756,0.012666029,0.005408434,0.025144643,0.007916534,-0.039823009,0,-0.00122449,-0.264252124,0.005346278,0.003846642,0.007814507,0.002705445,0.00315177,0.362649465,-8.36E-06,-0.043526538,0.019582245,-0.008725676,0.040666478
12/31/2013,-0.011102041,0.006640382,0.004606799,-0.080133556,0.013130217,0.003697671,0.007353018,0.00711171,-0.041474654,1,-0.05680425,0.003826531,0.004442921,0.003021928,0.012229917,0.038111298,0.000674207,0.013903632,0.024969202,0.035291386,0.043249395,-0.018504304,0.055956365
3/31/2014,0.017830609,0.007153061,0.003674854,0.014416327,0.000651779,0.006227864,-0.00394369,-0.003501097,-0.038461538,-0.5,0.051993068,-0.155724975,0.003869475,0.012539572,0.008658635,0.001299545,0.006169254,0.007731338,0.025944562,-0.046198699,0.014727942,0.000748934,0.03743146
6/30/2014,0.013138686,0.013318881,0.005834523,0.046583851,0.018573074,0.005310789,0.038744678,0.012841289,-0.07,-3,0.023476112,0.259847844,0.005173744,0.013242752,0.014336825,0.011680727,0.01175632,-0.052237268,0.001782773,-0.032682812,0.011826367,-0.003669852,0.035698173
9/30/2014,-0.005123279,0.006014902,0.005415731,-0.053864018,0.01606418,0.00255834,0.020069779,0.011649616,-0.021505376,0.5,0.001609658,-0.020426381,0.004137904,0.011218267,0.01269729,0.02629891,0.012008383,-0.046327103,0.010858576,-0.052746719,0.027493691,0.027239481,0.03974769
12/31/2014,-0.032346315,0.005799675,0.005771826,-0.251789732,0.00616083,-0.002484437,0.010401059,0.004489934,-0.06043956,1,0.081960627,0.136585366,0.00397967,0.013922866,0.010015948,0.0078125,0.005875305,-0.089442174,0.017805865,-0.037464716,0.015511892,0.063417051,0.016921968
3/31/2015,-0.044403792,-0.0106368,0.004789391,-0.33652269,0.007775252,-0.006472811,0.021746518,0.008133136,-0.029239766,-0.5,0.063869291,0.114353839,0.003487726,0.013303204,0.002497131,0.007131783,0.005034937,-0.134938329,0.000584959,0.007464676,0.021130346,0.088318153,0.027046364
6/30/2015,0.007831535,-0.014133555,0.004974936,0.191731905,0.011247573,0.006819485,0.008542247,0.005800014,-0.018072289,-1.333333333,-0.013263525,0.112637363,0.006049355,0.002768675,0.011651835,0.175184729,-0.008562978,0.099307868,-3.20E-06,-0.044985446,-0.001495886,0.008175801,0.018481081
9/30/2015,-0.007252633,9.78E-05,0.004688774,-0.197591333,0.006224845,0.003777009,0.003585065,0.003233727,-0.061349693,0,-0.037141846,0.073072388,0.004964846,0.005793144,0.010061569,-0.096410794,0.027384291,0.027144095,-7.60E-05,-0.012191743,-0.044069913,0.004075487,-0.035506718
12/31/2015,-0.03165768,-0.014078383,0.004924861,-0.096229803,0.001372101,-7.57E-05,-0.00990042,0.001462343,-0.013071895,3,0.006245408,0.19516129,0.005294374,0.006201492,0.004033129,0.048129893,0.003252469,-0.014682543,0.042508801,-0.020196353,0.014627139,0.013244099,0.012387468
3/31/2016,-0.019220406,-0.005925571,0.004125944,-0.208978943,0.005085457,-0.000620873,-0.000216562,0.005891799,-0.026490066,0,0.002920774,1.233453456,0.005217349,0.007574499,0.007867156,-0.042600277,0.011632122,-0.126100712,0.018114193,0.007157171,-0.052902561,-0.002367899,-0.049255167
6/30/2016,0.018498168,-0.003900774,0.003758053,0.368357609,0.010111691,0.007997835,0.001608047,0.003023888,0.006802721,-0.25,0.009100837,0.026572999,0.006586291,-0.001632004,0.011388495,0.032360589,0.000288512,-0.085728087,0.006055145,-0.00824332,0.052595814,-0.029622076,0.063501902
9/30/2016,0.009171012,0.002551135,0.005198047,-0.01225958,0.008803211,0.004244746,0.00485886,0.006011154,-0.006756757,0,-0.022366522,0.069179075,0.005215669,0.004825117,0.009630171,0.036104114,0.014587078,-0.106151236,0.009898775,-0.03783319,0.037701743,0.013178016,0.041889137
12/31/2016,0,-0.001469128,0.00356799,0.095577852,0.010257113,0.006347825,0.021745582,0.004968888,-0.027210884,0.666666667,0.030258303,0.134874759,0.004628946,0.005312323,0.009598403,0.008103728,0.007733927,0.367120112,0.020608636,-0.025511724,0.010949359,0.042541175,0.010555545
3/31/2017,0.022451889,0.00143275,0.003945493,0.053524184,0.009799167,0.007037406,0.004033032,0.00471931,-0.041958042,0,0.044770774,0.559490123,0.0051647,0.010126724,0.012803859,0.02733119,0.007247477,0.143978132,-0.006527914,-0.062162929,0.056123077,0.010015266,0.064557063
6/30/2017,0.009759498,0.014410974,0.003959708,-0.068126207,0.008823681,0.001153768,0.016800727,0.005597648,-0.04379562,-1.2,-0.008913267,0.355526826,0.002650154,0.009906804,0.007506502,-0.007563902,0.005156332,-0.075884715,-9.40E-05,0.00619296,0.025055355,-0.024905282,0.03097389
9/30/2017,0.004659993,-0.002743209,0.003541028,-0.001589276,0.012201727,0.004780436,0.014563912,0.0071915,-0.007633588,-2,-0.013144241,0.21779729,0.00388254,0.00600301,0.009413388,0.009724047,0.015641987,-0.008635215,0.020174099,0.084987737,0.024101864,-0.049856026,0.02885927
12/31/2017,0.008589589,0.01323953,0.003045204,0.149560523,0.016579431,0.007955307,0.021703505,0.009403998,-0.038461538,-4,0.034349807,0.044186923,0.00574913,0.004899326,0.017282009,0.026548673,0.007680376,0.058009005,0.012242441,-0.052654027,0.046958259,0.002850468,0.055165406
3/31/2018,0.016010901,0.005509985,0.004479283,0.135821794,0.013114292,0.008154075,0.016590004,0.00762854,-0.032,0,0.005760759,0.201154922,0.006672041,0.012003995,0.012594987,0.028904665,0.014070591,0.163221959,0.029127183,-0.125118185,0.030219489,-0.038172132,0.050013652
6/30/2018,0.018776194,0.012941872,0.00504037,0.081840348,0.017314382,0.005723739,0.015615129,0.008339109,-0.024793388,-1,-0.00606469,0.200361491,0.005784018,0.008398075,0.014438214,0.00073928,0.017037248,0.058763446,0.004998994,0.029899135,-0.034170441,0.028146977,-0.011101422
9/30/2018,0.005923976,0.008374971,0.003119307,0.02533072,0.008130295,0.004345496,0.015094235,0.004819526,-0.042372881,inf,-0.002711864,0.108970039,0.004120835,0.008267836,0.009941266,-0.036197981,0.009955941,0.001090357,0.015144465,0.004547044,0.032608696,0.024781889,0.054185377
12/31/2018,-0.005561917,-0.000249162,0.002725374,-0.153103646,0.007465136,0.0036528,0.005987632,0.002231418,0.017699115,-1.5,0.00067981,0.152587326,0.005171873,0.007406487,0.008336547,-0.003576903,0.010662422,0.040131895,0.021288193,0.02994429,-0.076057792,0.015805625,-0.052875676
3/31/2019,-0.014476065,-0.009216175,0.003802925,-0.071940416,0.009045455,0.002385004,0.01767599,0.005977903,0.008695652,2,-0.03736413,0.081828913,0.005671993,0.008938887,0.002566221,-0.004871795,0.016539678,-0.127648105,0.002447609,-0.107167005,-0.022673964,-0.00075995,0.008180137
6/30/2019,0.008345852,-0.0058389,0.00359543,0.090406128,0.013697867,0.00785784,0.014884717,0.007929244,-0.068965517,1,0.042342978,-0.00183828,0.005650223,-0.003417148,0.015553363,0.026024221,0.010857372,-0.118382116,-0.00020869,0.061719046,0.002771429,0.009603493,0.05928816
9/30/2019,-0.009601059,-0.000100622,0.002330868,-0.057095066,0.010133932,0.003690022,0.006819987,0.006854988,0.009259259,0.166666667,-0.047393365,-0.085589356,0.00633873,0.00571099,0.010696266,0.082119538,0.010537676,-0.231272268,0.031608321,0.038159772,0.002136935,0.006726355,0.026197105
12/31/2019,-0.002841384,-0.006478553,0.003241066,0.010407427,0.008809388,0.0060897,-0.006285519,0.004690976,-0.009174312,-0.285714286,0.036247335,-0.249305831,0.005059239,0.005915637,0.008564186,0.034114644,0.013468735,-0.003355601,0.021214379,0.031260735,0.023370863,-0.000950532,0.042233304
3/31/2020,-0.012571237,-0.01706428,0.002029843,-0.196640721,-0.00982237,0.003230078,-0.013199141,-0.013035827,0.055555556,0.4,-0.005829904,-0.2374178,0.005268631,0.007584498,-0.01466273,-0.027603232,0.007063021,-0.238253825,0.000966882,2.681212525,-0.056342724,0.004962722,-0.008721557
6/30/2020,-0.040400611,-0.128914355,-0.119195502,-0.392292562,-0.093286568,-0.008505466,-0.101271088,-0.089372505,2.412280702,0.714285714,-0.233528803,-0.953152364,-0.003688078,0.104071572,-0.100375832,-0.151165474,0.460418103,-0.496249782,0.140090174,2.210659669,-0.021798269,0.004558122,-0.040637744
9/30/2020,0.030957014,0.096381649,0.049996512,0.470630544,0.085284804,0.011775029,0.153535379,0.075475346,-0.318766067,-1.166666667,0.02160216,0.575213328,0.009907645,-0.044627832,0.100392105,0.274333877,-0.110376777,-0.053800208,0.017681223,-0.618020913,0.114742849,-0.04847461,0.132397732
12/31/2020,0.021448181,0.019933795,0.014226625,0.038148027,0.016038121,0.005555606,0.0381826,0.011152768,-0.233962264,3.5,0.054625551,-0.041079812,0.004676135,-0.021552634,0.012159118,0.069127374,-0.127160444,0.328747172,0.029779007,-0.237880912,0.067811437,-0.019744339,0.070686369
3/31/2021,0.058961868,0.009840403,0.008860801,0.361259422,0.026102967,0.010141355,0.029064825,0.015338896,-0.083743842,0.777777778,0.005430242,-0.134176527,0.003523529,0.114995672,0.037177325,0.069447216,0.273716723,0.545259359,0.013866758,-0.047729693,0.064915954,-0.012312575,0.087552595
6/30/2021,0.065513959,0.015827587,0.010107265,0.143623464,0.031887004,0.019867843,0.018990177,0.016407465,-0.048387097,0.4375,0.066472788,-0.112462682,0.018871085,-0.082015166,0.045065798,-0.045157679,-0.143187225,0.190792198,0.014106994,-0.351362342,0.057853123,-0.000417084,0.082240965
9/30/2021,0.043535805,0.008297773,0.011677646,0.068593332,0.020288722,0.016382626,0.014890141,0.005709481,-0.13559322,-0.52173913,-0.126217374,0.31884058,0.013067716,-0.010506182,0.018063518,-0.014657026,-0.027209127,-0.167174148,-0.003523273,-0.197492163,0.019661711,0.019552837,0.056899029
12/31/2021,0.034449306,0.009519699,0.011978603,0.096615849,0.034499575,0.019219271,0.073478249,0.016807783,-0.169934641,-1.090909091,-0.065091395,-0.117149758,0.013765381,-0.01141481,0.021877068,0.055731852,-0.044671244,0.157409768,0.041798846,-0.325,0.01780337,0.025672762,0.040807716
3/31/2022,0.046621799,0.016990331,0.011574422,0.219591977,0.015892886,0.022248695,0.026174964,-0.003795309,-0.102362205,2,-0.096804959,0.528438972,0.015848804,-0.017093556,0.02485764,0.047717453,-0.05265344,0.27243084,0.026462481,-0.23900463,-0.062121527,0.018385809,-0.030041319
